{
  "project_info": {
    "project_number": "221187902299",
    "firebase_url": "https://medisstantapp.firebaseio.com",
    "project_id": "medisstantapp",
    "storage_bucket": "medisstantapp.appspot.com"
  },
  "client": [
    {
      "client_info": {
        "mobilesdk_app_id": "1:221187902299:android:258895ce71494b4b0f687e",
        "android_client_info": {
          "package_name": "com.example.medisstantapp"
        }
      },
      "oauth_client": [
        {
          "client_id": "221187902299-q6d2mr4at4b2pnkdbiov8b5bjvvc0u2v.apps.googleusercontent.com",
          "client_type": 1,
          "android_info": {
            "package_name": "com.example.medisstantapp",
            "certificate_hash": "35db4e791251df46daf3d0ddbb3cd7550ab116db"
          }
        },
        {
          "client_id": "221187902299-m6pfnn48u005m3qtb118t8cjpreo6tfm.apps.googleusercontent.com",
          "client_type": 3
        }
      ],
      "api_key": [
        {
          "current_key": "AIzaSyCeYdE0sckIW8G7uJrlPc7taBGdrzkvq2c"
        }
      ],
      "services": {
        "appinvite_service": {
          "other_platform_oauth_client": [
            {
              "client_id": "221187902299-m6pfnn48u005m3qtb118t8cjpreo6tfm.apps.googleusercontent.com",
              "client_type": 3
            }
          ]
        }
      }
    }
  ],
  "configuration_version": "1"
}